Login, Zaloguj się
Logout, Wyloguj się
Email, E-mail
Password, Hasło
Forgot your password?, Zapomniałeś hasła?
Create an account, Utwórz konto
Register, Zarejestruj się
Full Name, Pełne imię
Full name, Pełne imię
SIGN IN, ZALOGUJ SIĘ
Order History, Historia zamówień
Account Details, Szczegóły konta
You have not placed any orders yet, Nie złożyłeś jeszcze żadnych zamówień
My Account, Moje konto
Already have an account?, Masz już konto?
Contact information, Informacje kontaktowe
City, Miasto
Account Information, Informacje o koncie
Address, Adres
Postcode, Kod pocztowy
Postcode is required, Kod pocztowy jest wymagany
Telephone is required, Numer telefonu jest wymagany
Telephone, Telefon
Full name is required, Pełne imię jest wymagane
Country is required, Kraj jest wymagany
Country, Kraj
Province is required, Prowincja jest wymagana
Province, Prowincja
Billing Address, Adres rozliczeniowy
Shipping Address, Adres dostawy
Create A New Account, Utwórz nowe konto
Contact, Kontakt
Customer information, Informacje o kliencie